insert into WERTSTOFFTYP (ID_WERTSTOFFTYP, NAME_WERTSTOFFTYP, BESCHREIBUNG_WERTSTOFFTYP) values (1,'Altpapier','Papier und Pappe');
insert into WERTSTOFFTYP (ID_WERTSTOFFTYP, NAME_WERTSTOFFTYP, BESCHREIBUNG_WERTSTOFFTYP) values (2,'Metallschrott','Metallschrott (Stahl,Eisen,Aluminum,Kupfer)');
insert into WERTSTOFFTYP (ID_WERTSTOFFTYP, NAME_WERTSTOFFTYP, BESCHREIBUNG_WERTSTOFFTYP) values (3,'Elektroschrott','elektronische Geräte und Bauteile');
insert into WERTSTOFFTYP (ID_WERTSTOFFTYP, NAME_WERTSTOFFTYP, BESCHREIBUNG_WERTSTOFFTYP) values (4,'Kunststoff','Inhalt Gelber Sack');
insert into WERTSTOFFTYP (ID_WERTSTOFFTYP, NAME_WERTSTOFFTYP, BESCHREIBUNG_WERTSTOFFTYP) values (5,'Bio','Gartenabfälle und Biotonne' );
insert into WERTSTOFFTYP (ID_WERTSTOFFTYP, NAME_WERTSTOFFTYP, BESCHREIBUNG_WERTSTOFFTYP) values (6,'Bauschutt','Bauschutt ohne Pappe und Metall');

insert into WERTSTOFFGEFAHRENSTUFE (ID_WERTSTOFFGEFAHRENSTUFE, NAME_WERTSTOFFGEFAHRENSTUFE, BESCHREIBUNG_W_GEFAHRENSTUFE) values (1,'Keine','Es gibt keine besonderen Vorschriften');
insert into WERTSTOFFGEFAHRENSTUFE (ID_WERTSTOFFGEFAHRENSTUFE, NAME_WERTSTOFFGEFAHRENSTUFE, BESCHREIBUNG_W_GEFAHRENSTUFE) values (2,'Entzuendlich','Das Transportgut ist entzuendlich und muss vor Flammen und Funken geschuetzt werden');
insert into WERTSTOFFGEFAHRENSTUFE (ID_WERTSTOFFGEFAHRENSTUFE, NAME_WERTSTOFFGEFAHRENSTUFE, BESCHREIBUNG_W_GEFAHRENSTUFE) values (3,'Giftig','Das Transportgut ist Giftig Kontakt und austreten des Transportgutes muessen verhindert werden');
insert into WERTSTOFFGEFAHRENSTUFE (ID_WERTSTOFFGEFAHRENSTUFE, NAME_WERTSTOFFGEFAHRENSTUFE, BESCHREIBUNG_W_GEFAHRENSTUFE) values (4,'Umweltschaedlich','Das Transportgut ist Umweltschaedlich ein Austreten muss verhindert werdem');

insert into TRANSPORTVORSCHRIFT (ID_TRANSPORTVORSCHRIFT, NAME_TRANSPORTVORSCHRIFT, BESCHREIBUNG_T_VORSCHRIFT) values (1,'Keine','Es gibt keine besonderen Vorschriften');
insert into TRANSPORTVORSCHRIFT (ID_TRANSPORTVORSCHRIFT, NAME_TRANSPORTVORSCHRIFT, BESCHREIBUNG_T_VORSCHRIFT) values (2,'Entzuendlich','Das Transportgut ist entzuendlich und muss vor Flammen und Funken geschuetzt werden');
insert into TRANSPORTVORSCHRIFT (ID_TRANSPORTVORSCHRIFT, NAME_TRANSPORTVORSCHRIFT, BESCHREIBUNG_T_VORSCHRIFT) values (3,'Giftig','Das Transportgut ist Giftig Kontakt und austreten des Transportgutes muessen verhindert werden');
insert into TRANSPORTVORSCHRIFT (ID_TRANSPORTVORSCHRIFT, NAME_TRANSPORTVORSCHRIFT, BESCHREIBUNG_T_VORSCHRIFT) values (4,'Umweltschaedlich','Das Transportgut ist Umweltschaedlich ein Austreten muss verhindert werdem');

insert into PERSONALART (ID_PERSONALART, NAME_PERSONALART, BESCHREIBUNG_PERSONALART) values (1,'Entsorgung','Die Mitarbeiter die die Abfallentsorgung durchführen');
insert into PERSONALART (ID_PERSONALART, NAME_PERSONALART, BESCHREIBUNG_PERSONALART) values (2,'Sammlung','Fuer das Abfahren der Routen und Einsammeln des Abfalls zustaendig');
insert into PERSONALART (ID_PERSONALART, NAME_PERSONALART, BESCHREIBUNG_PERSONALART) values (3,'Instandhaltung','Instandhaltung des Fuhrparks und der Entsorgungsgeraetschaften');
insert into PERSONALART (ID_PERSONALART, NAME_PERSONALART, BESCHREIBUNG_PERSONALART) values (4,'ITler','Leute die in der IT arbeiten');
insert into PERSONALART (ID_PERSONALART, NAME_PERSONALART, BESCHREIBUNG_PERSONALART) values (5,'Verwaltung','Verwaltung und Personalwesen');
insert into PERSONALART (ID_PERSONALART, NAME_PERSONALART, BESCHREIBUNG_PERSONALART) values (6,'Führung','Führung' );

insert into ENTSORGUNGSBESTIMMUNG (ID_ENTSORGUNGSBESTIMMUNG, NAME_ENTSORGUNGSBESTIMMUNG, BESCHREIBUNG_E_BESTIMMUNG) values (1,'Recycling ','Der Wertstoff ist zu Recyceln');
insert into ENTSORGUNGSBESTIMMUNG (ID_ENTSORGUNGSBESTIMMUNG, NAME_ENTSORGUNGSBESTIMMUNG, BESCHREIBUNG_E_BESTIMMUNG) values (2,'Energetische Wiederverwendung','Der Wertstoff ist für Energieerzeugung zu nutzen (bsp. Verbrennungsanlage) ');
insert into ENTSORGUNGSBESTIMMUNG (ID_ENTSORGUNGSBESTIMMUNG, NAME_ENTSORGUNGSBESTIMMUNG, BESCHREIBUNG_E_BESTIMMUNG) values (3,'Beseitigung','Der Wertstoff ist in einer Deponie zu lagern');

insert into ADRESSE (ID_ADRESSE, STRASSENNAME_ADRESSE, HAUSNUMMER_ADRESSE, PLZ_ADRESSE, ADRESSENZUSATZ_ADRESSE, LAND_ADRESSE) values (1,'Altschauerberg' ,9,91448,'1. Etage','Deutschland');
insert into ADRESSE (ID_ADRESSE, STRASSENNAME_ADRESSE, HAUSNUMMER_ADRESSE, PLZ_ADRESSE, ADRESSENZUSATZ_ADRESSE, LAND_ADRESSE) values (2,'Musterstraße',17,85622,NULL,'Deutschland');
insert into ADRESSE (ID_ADRESSE, STRASSENNAME_ADRESSE, HAUSNUMMER_ADRESSE, PLZ_ADRESSE, ADRESSENZUSATZ_ADRESSE, LAND_ADRESSE) values (3,'Patternstraße',42,85622,NULL,'Deutschland');
insert into ADRESSE (ID_ADRESSE, STRASSENNAME_ADRESSE, HAUSNUMMER_ADRESSE, PLZ_ADRESSE, ADRESSENZUSATZ_ADRESSE, LAND_ADRESSE) values (4,'Schrottweg',1,85621,NULL,'Deutschland');
insert into ADRESSE (ID_ADRESSE, STRASSENNAME_ADRESSE, HAUSNUMMER_ADRESSE, PLZ_ADRESSE, ADRESSENZUSATZ_ADRESSE, LAND_ADRESSE) values (5,'Müllhaufenweg',199,91448,NULL,'Deutschland');
insert into ADRESSE (ID_ADRESSE, STRASSENNAME_ADRESSE, HAUSNUMMER_ADRESSE, PLZ_ADRESSE, ADRESSENZUSATZ_ADRESSE, LAND_ADRESSE) values (6,'Verwaltungsweg',1,98732,NULL,'Deutschland');
insert into ADRESSE (ID_ADRESSE, STRASSENNAME_ADRESSE, HAUSNUMMER_ADRESSE, PLZ_ADRESSE, ADRESSENZUSATZ_ADRESSE, LAND_ADRESSE) values (7,'Muellmanweg',3,67326,NULL,'Deutschland');
insert into ADRESSE (ID_ADRESSE, STRASSENNAME_ADRESSE, HAUSNUMMER_ADRESSE, PLZ_ADRESSE, ADRESSENZUSATZ_ADRESSE, LAND_ADRESSE) values (8,'Mechanikerstrasse',12,74782,NULL,'Deutschland');
insert into ADRESSE (ID_ADRESSE, STRASSENNAME_ADRESSE, HAUSNUMMER_ADRESSE, PLZ_ADRESSE, ADRESSENZUSATZ_ADRESSE, LAND_ADRESSE) values (9,'Fremdlingen',5,11188,NULL,'Deutschland');
insert into ADRESSE (ID_ADRESSE, STRASSENNAME_ADRESSE, HAUSNUMMER_ADRESSE, PLZ_ADRESSE, ADRESSENZUSATZ_ADRESSE, LAND_ADRESSE) values (10,'Aussenstehedenstrasse',67,99911,NULL,'Deutschland');

insert into DEPOTERWEITERUNGART (ID_DEPOTERWEITERUNGART, NAME_DEPOTERWEITERUNGART, PREIS_DEPOTERWEITERUNGART, BESCHREIBUNG_D_ART,GROE_E_D_ART) values (1,'Kunststoffsortieranlage',300000,'Erweitert die Kunststoffdeponie unteranderem mit einer Sortieranlage',20);
insert into DEPOTERWEITERUNGART (ID_DEPOTERWEITERUNGART, NAME_DEPOTERWEITERUNGART, PREIS_DEPOTERWEITERUNGART, BESCHREIBUNG_D_ART,GROE_E_D_ART) values (2,'Metallsortierung',500000,'Sortierung von Metall ',10);
insert into DEPOTERWEITERUNGART (ID_DEPOTERWEITERUNGART, NAME_DEPOTERWEITERUNGART, PREIS_DEPOTERWEITERUNGART, BESCHREIBUNG_D_ART,GROE_E_D_ART) values (3,'Biogasanlage',200000,'Biogasanlage' ,5);
insert into DEPOTERWEITERUNGART (ID_DEPOTERWEITERUNGART, NAME_DEPOTERWEITERUNGART, PREIS_DEPOTERWEITERUNGART, BESCHREIBUNG_D_ART,GROE_E_D_ART) values (4,'Kunststoffverbrennungsanlage',200000,'Verbrennt Kunststoff' ,5);

insert into WERTSTOFF (ID_WERTSTOFF, ID_ENTSORGUNGSBESTIMMUNG, ID_WERTSTOFFTYP, ID_WERTSTOFFGEFAHRENSTUFE, WER_ID_WERTSTOFF, ID_TRANSPORTVORSCHRIFT, NAME_WERTSTOFF, BESCHREIBUNG_WERTSTOFF, MENGE_WERTSTOFF, PREIS_WERTSTOFF, RECYCLEBAR_WERTSTOFF) values (1,1,6,1,NULL,1,'Bauschutt','Bauschutt',10000.32,0.1,1);
insert into WERTSTOFF (ID_WERTSTOFF, ID_ENTSORGUNGSBESTIMMUNG, ID_WERTSTOFFTYP, ID_WERTSTOFFGEFAHRENSTUFE, WER_ID_WERTSTOFF, ID_TRANSPORTVORSCHRIFT, NAME_WERTSTOFF, BESCHREIBUNG_WERTSTOFF, MENGE_WERTSTOFF, PREIS_WERTSTOFF, RECYCLEBAR_WERTSTOFF) values (2,2,1,2,NULL,2,'Altpapier','Papier',5000.98,0.02,1);
insert into WERTSTOFF (ID_WERTSTOFF, ID_ENTSORGUNGSBESTIMMUNG, ID_WERTSTOFFTYP, ID_WERTSTOFFGEFAHRENSTUFE, WER_ID_WERTSTOFF, ID_TRANSPORTVORSCHRIFT, NAME_WERTSTOFF, BESCHREIBUNG_WERTSTOFF, MENGE_WERTSTOFF, PREIS_WERTSTOFF, RECYCLEBAR_WERTSTOFF) values (3,1,2,1,NULL,4,'Edelstahl','Edelstahl',36754.4,3.5,1);
insert into WERTSTOFF (ID_WERTSTOFF, ID_ENTSORGUNGSBESTIMMUNG, ID_WERTSTOFFTYP, ID_WERTSTOFFGEFAHRENSTUFE, WER_ID_WERTSTOFF, ID_TRANSPORTVORSCHRIFT, NAME_WERTSTOFF, BESCHREIBUNG_WERTSTOFF, MENGE_WERTSTOFF, PREIS_WERTSTOFF, RECYCLEBAR_WERTSTOFF) values (4,1,3,4,NULL,4,'Platinen','Platinen aus Elektroschrott',165.8,'10,4',1);
insert into WERTSTOFF (ID_WERTSTOFF, ID_ENTSORGUNGSBESTIMMUNG, ID_WERTSTOFFTYP, ID_WERTSTOFFGEFAHRENSTUFE, WER_ID_WERTSTOFF, ID_TRANSPORTVORSCHRIFT, NAME_WERTSTOFF, BESCHREIBUNG_WERTSTOFF, MENGE_WERTSTOFF, PREIS_WERTSTOFF, RECYCLEBAR_WERTSTOFF) values (5,3,4,3,NULL,3,'Gelber Sack','Gelber Sack',2004566.07,0.6,0);
insert into WERTSTOFF (ID_WERTSTOFF, ID_ENTSORGUNGSBESTIMMUNG, ID_WERTSTOFFTYP, ID_WERTSTOFFGEFAHRENSTUFE, WER_ID_WERTSTOFF, ID_TRANSPORTVORSCHRIFT, NAME_WERTSTOFF, BESCHREIBUNG_WERTSTOFF, MENGE_WERTSTOFF, PREIS_WERTSTOFF, RECYCLEBAR_WERTSTOFF) values (6,2,6,1,NULL,1,'Gartenabfall','Gartenabfaelle',9999.72,0.05,0);
insert into WERTSTOFF (ID_WERTSTOFF, ID_ENTSORGUNGSBESTIMMUNG, ID_WERTSTOFFTYP, ID_WERTSTOFFGEFAHRENSTUFE, WER_ID_WERTSTOFF, ID_TRANSPORTVORSCHRIFT, NAME_WERTSTOFF, BESCHREIBUNG_WERTSTOFF, MENGE_WERTSTOFF, PREIS_WERTSTOFF, RECYCLEBAR_WERTSTOFF) values (7,1,3,4,7,4,'Monitore','Monitore aus der Sammelstelle',274,5.5,1);

insert into FREMDBETRIEB (ID_FREMDBETRIEB, ID_ADRESSE, NAME_FREMDBETRIEB, BESCHREIBUNG_FREMDBETRIEB) values (1,9,'Außenverkaeufer','Verkaufsbetrieb Bauen Markt auf' );
insert into FREMDBETRIEB (ID_FREMDBETRIEB, ID_ADRESSE, NAME_FREMDBETRIEB, BESCHREIBUNG_FREMDBETRIEB) values (2,10,'Subunternehmer','Subunternehmer fuer Routen');
insert into FREMDBETRIEB (ID_FREMDBETRIEB, ID_ADRESSE, NAME_FREMDBETRIEB, BESCHREIBUNG_FREMDBETRIEB) values (3,9,'Giesserei','Giesserei');
insert into FREMDBETRIEB (ID_FREMDBETRIEB, ID_ADRESSE, NAME_FREMDBETRIEB, BESCHREIBUNG_FREMDBETRIEB) values (4,10,'BauerBioGas','Bauer der fuer Biogasanlage zukauft');
insert into FREMDBETRIEB (ID_FREMDBETRIEB, ID_ADRESSE, NAME_FREMDBETRIEB, BESCHREIBUNG_FREMDBETRIEB) values (5,9,'UnterundNehemer','Subunternehmer fuer Routen');

insert into FUEHRERSCHEIN (BEZEICHNUNG) values ('AM');
insert into FUEHRERSCHEIN (BEZEICHNUNG) values ('A1');
insert into FUEHRERSCHEIN (BEZEICHNUNG) values ('A2');
insert into FUEHRERSCHEIN (BEZEICHNUNG) values ('A');
insert into FUEHRERSCHEIN (BEZEICHNUNG) values ('B1');
insert into FUEHRERSCHEIN (BEZEICHNUNG) values ('B');
insert into FUEHRERSCHEIN (BEZEICHNUNG) values ('C1');
insert into FUEHRERSCHEIN (BEZEICHNUNG) values ('C');
insert into FUEHRERSCHEIN (BEZEICHNUNG) values ('D1');
insert into FUEHRERSCHEIN (BEZEICHNUNG) values ('D');
insert into FUEHRERSCHEIN (BEZEICHNUNG) values ('BE');
insert into FUEHRERSCHEIN (BEZEICHNUNG) values ('C1E');
insert into FUEHRERSCHEIN (BEZEICHNUNG) values ('CE');
insert into FUEHRERSCHEIN (BEZEICHNUNG) values ('D1E');
insert into FUEHRERSCHEIN (BEZEICHNUNG) values ('DE');
insert into FUEHRERSCHEIN (BEZEICHNUNG) values ('L');
insert into FUEHRERSCHEIN (BEZEICHNUNG) values ('T');

insert into PERSONAL (ID_PERSONAL, ID_ADRESSE, CHEF_ID_PERSONAL, NAME_PERSONAL, VORNAME_PERSONAL, GEBURTSTAG_PERSONAL, ID_PERSONALART,GEHALT_PERSONAL_MONAT,FUEHRERSCHEIN_PERSONAL) values (1,2,NULL,'Stromberg ','Bernd','09/01/63',6,10000,NULL);
insert into PERSONAL (ID_PERSONAL, ID_ADRESSE, CHEF_ID_PERSONAL, NAME_PERSONAL, VORNAME_PERSONAL, GEBURTSTAG_PERSONAL, ID_PERSONALART,GEHALT_PERSONAL_MONAT,FUEHRERSCHEIN_PERSONAL) values (2,7,1,'Schrott ','Peter','04/02/89',2,5000,'C');
insert into PERSONAL (ID_PERSONAL, ID_ADRESSE, CHEF_ID_PERSONAL, NAME_PERSONAL, VORNAME_PERSONAL, GEBURTSTAG_PERSONAL, ID_PERSONALART,GEHALT_PERSONAL_MONAT,FUEHRERSCHEIN_PERSONAL) values (3,7,1,'Muell','Mannfred','02/09/90',2,200,'CE');
insert into PERSONAL (ID_PERSONAL, ID_ADRESSE, CHEF_ID_PERSONAL, NAME_PERSONAL, VORNAME_PERSONAL, GEBURTSTAG_PERSONAL, ID_PERSONALART,GEHALT_PERSONAL_MONAT,FUEHRERSCHEIN_PERSONAL) values (4,7,1,'Abfall','Adam','30/11/75',1,1000,'CE');
insert into PERSONAL (ID_PERSONAL, ID_ADRESSE, CHEF_ID_PERSONAL, NAME_PERSONAL, VORNAME_PERSONAL, GEBURTSTAG_PERSONAL, ID_PERSONALART,GEHALT_PERSONAL_MONAT,FUEHRERSCHEIN_PERSONAL) values (5,7,1,'Mist','Martin','17/07/99',1,4000,NULL);
insert into PERSONAL (ID_PERSONAL, ID_ADRESSE, CHEF_ID_PERSONAL, NAME_PERSONAL, VORNAME_PERSONAL, GEBURTSTAG_PERSONAL, ID_PERSONALART,GEHALT_PERSONAL_MONAT,FUEHRERSCHEIN_PERSONAL) values (6,6,1,'Tippse' ,'Tunda','08/06/71',5,1000,NULL);
insert into PERSONAL (ID_PERSONAL, ID_ADRESSE, CHEF_ID_PERSONAL, NAME_PERSONAL, VORNAME_PERSONAL, GEBURTSTAG_PERSONAL, ID_PERSONALART,GEHALT_PERSONAL_MONAT,FUEHRERSCHEIN_PERSONAL) values (7,6,6,'Papierkram' ,'Petra','03/03/83',5,1000,NULL);
insert into PERSONAL (ID_PERSONAL, ID_ADRESSE, CHEF_ID_PERSONAL, NAME_PERSONAL, VORNAME_PERSONAL, GEBURTSTAG_PERSONAL, ID_PERSONALART,GEHALT_PERSONAL_MONAT,FUEHRERSCHEIN_PERSONAL) values (8,8,1,'Schrauben','Sebastian','14/04/92',3,100,'B');
insert into PERSONAL (ID_PERSONAL, ID_ADRESSE, CHEF_ID_PERSONAL, NAME_PERSONAL, VORNAME_PERSONAL, GEBURTSTAG_PERSONAL, ID_PERSONALART,GEHALT_PERSONAL_MONAT,FUEHRERSCHEIN_PERSONAL) values (9,8,1,'Schweisser','Georg','19/01/65',3,42,'C');

insert into FUHRPARK (ID_FUHRPARK, ID_ADRESSE, NAME_FUHRPARK, BESCHREIBUNG_FUHRPARK, STELLPLAETZE_FUHRPARK) values (1,1,'Biocontainer','Abfallwagen für Biomüll',4);
insert into FUHRPARK (ID_FUHRPARK, ID_ADRESSE, NAME_FUHRPARK, BESCHREIBUNG_FUHRPARK, STELLPLAETZE_FUHRPARK) values (2,3,'Papierwagen','Abfallwagen für Papier',3);
insert into FUHRPARK (ID_FUHRPARK, ID_ADRESSE, NAME_FUHRPARK, BESCHREIBUNG_FUHRPARK, STELLPLAETZE_FUHRPARK) values (3,3,'Transportlkw','LKWs zum Transport zwischen Depots',42);
insert into FUHRPARK (ID_FUHRPARK, ID_ADRESSE, NAME_FUHRPARK, BESCHREIBUNG_FUHRPARK, STELLPLAETZE_FUHRPARK) values (4,4,'Schrottmulden','Mulden für Metallschrott',3);
insert into FUHRPARK (ID_FUHRPARK, ID_ADRESSE, NAME_FUHRPARK, BESCHREIBUNG_FUHRPARK, STELLPLAETZE_FUHRPARK) values (5,4,'LKW Elektroschrott','Lkw für Schrottsammelstellen',2);

insert into FAHRZEUG (ID_FAHRZEUG, ID_FUHRPARK, NAME_FAHRZEUG, MODEL_FAHRZEUG, TANKGROESSE_FAHRZEUG, KAUFPREIS_FAHRZEUG, FUEHRERSCHEIN_FAHRZEUG) values (1,3,'RE_1','Scania666',120,100000,'C');
insert into FAHRZEUG (ID_FAHRZEUG, ID_FUHRPARK, NAME_FAHRZEUG, MODEL_FAHRZEUG, TANKGROESSE_FAHRZEUG, KAUFPREIS_FAHRZEUG, FUEHRERSCHEIN_FAHRZEUG) values (2,3,'RE_2','Scania666',120,100000,'C');
insert into FAHRZEUG (ID_FAHRZEUG, ID_FUHRPARK, NAME_FAHRZEUG, MODEL_FAHRZEUG, TANKGROESSE_FAHRZEUG, KAUFPREIS_FAHRZEUG, FUEHRERSCHEIN_FAHRZEUG) values (3,3,'RE_3','Scania666',120,100000,'C');
insert into FAHRZEUG (ID_FAHRZEUG, ID_FUHRPARK, NAME_FAHRZEUG, MODEL_FAHRZEUG, TANKGROESSE_FAHRZEUG, KAUFPREIS_FAHRZEUG, FUEHRERSCHEIN_FAHRZEUG) values (4,3,'RE_4','Scania666',120,100000,'C');
insert into FAHRZEUG (ID_FAHRZEUG, ID_FUHRPARK, NAME_FAHRZEUG, MODEL_FAHRZEUG, TANKGROESSE_FAHRZEUG, KAUFPREIS_FAHRZEUG, FUEHRERSCHEIN_FAHRZEUG) values (5,1,'BIO_1','MAN42',100,95000,'C');
insert into FAHRZEUG (ID_FAHRZEUG, ID_FUHRPARK, NAME_FAHRZEUG, MODEL_FAHRZEUG, TANKGROESSE_FAHRZEUG, KAUFPREIS_FAHRZEUG, FUEHRERSCHEIN_FAHRZEUG) values (6,1,'BIO_2','MAN42',100,95000,'C');
insert into FAHRZEUG (ID_FAHRZEUG, ID_FUHRPARK, NAME_FAHRZEUG, MODEL_FAHRZEUG, TANKGROESSE_FAHRZEUG, KAUFPREIS_FAHRZEUG, FUEHRERSCHEIN_FAHRZEUG) values (7,2,'PAP_1','Scania626',102,100000,'C');
insert into FAHRZEUG (ID_FAHRZEUG, ID_FUHRPARK, NAME_FAHRZEUG, MODEL_FAHRZEUG, TANKGROESSE_FAHRZEUG, KAUFPREIS_FAHRZEUG, FUEHRERSCHEIN_FAHRZEUG) values (8,4,'ME_1','Scania600',150,900000,'CE');
insert into FAHRZEUG (ID_FAHRZEUG, ID_FUHRPARK, NAME_FAHRZEUG, MODEL_FAHRZEUG, TANKGROESSE_FAHRZEUG, KAUFPREIS_FAHRZEUG, FUEHRERSCHEIN_FAHRZEUG) values (9,4,'ME_2','Scania600',150,900000,'CE');
insert into FAHRZEUG (ID_FAHRZEUG, ID_FUHRPARK, NAME_FAHRZEUG, MODEL_FAHRZEUG, TANKGROESSE_FAHRZEUG, KAUFPREIS_FAHRZEUG, FUEHRERSCHEIN_FAHRZEUG) values (10,5,'LES_1','MAN5',90,700000,'C');

insert into DEPOT (ID_DEPOT, ID_ADRESSE, NAME_DEPOT, GROESSE_DEPOT, LAGERKAPAZITAT_DEPOT) values (1,5,'Haupt',3500,500000);
insert into DEPOT (ID_DEPOT, ID_ADRESSE, NAME_DEPOT, GROESSE_DEPOT, LAGERKAPAZITAT_DEPOT) values (2,4,'Neben',2000,150000);
insert into DEPOT (ID_DEPOT, ID_ADRESSE, NAME_DEPOT, GROESSE_DEPOT, LAGERKAPAZITAT_DEPOT) values (3,1,'Außenanlage',2500,100000);
insert into DEPOT (ID_DEPOT, ID_ADRESSE, NAME_DEPOT, GROESSE_DEPOT, LAGERKAPAZITAT_DEPOT) values (4,3,'Stinkeanlage',3000,100000);
insert into DEPOT (ID_DEPOT, ID_ADRESSE, NAME_DEPOT, GROESSE_DEPOT, LAGERKAPAZITAT_DEPOT) values (5,4,'BlablaAnlage',1000,50000);

insert into ROUTE (ID_ROUTE, ID_DEPOT, ID_PERSONAL, ID_FREMDBETRIEB, ID_FAHRZEUG, BESCHREIBUNG_ROUTE, ART_ROUTE) values (1,5,2,NULL,10,'Elktroschrottsammlung Rathaus','Elektroschrottt');
insert into ROUTE (ID_ROUTE, ID_DEPOT, ID_PERSONAL, ID_FREMDBETRIEB, ID_FAHRZEUG, BESCHREIBUNG_ROUTE, ART_ROUTE) values (2,1,3,NULL,1,'Restmüll Norden','Restmüll');
insert into ROUTE (ID_ROUTE, ID_DEPOT, ID_PERSONAL, ID_FREMDBETRIEB, ID_FAHRZEUG, BESCHREIBUNG_ROUTE, ART_ROUTE) values (3,1,2,NULL,2,'Gelber-Sack Süden','Gelber-Sack');
insert into ROUTE (ID_ROUTE, ID_DEPOT, ID_PERSONAL, ID_FREMDBETRIEB, ID_FAHRZEUG, BESCHREIBUNG_ROUTE, ART_ROUTE) values (4,2,NULL,5,8,'Metallschrott West','Metallschrott');
insert into ROUTE (ID_ROUTE, ID_DEPOT, ID_PERSONAL, ID_FREMDBETRIEB, ID_FAHRZEUG, BESCHREIBUNG_ROUTE, ART_ROUTE) values (5,3,3,NULL,6,'Biomüll Osten','Biomüll');
insert into ROUTE (ID_ROUTE, ID_DEPOT, ID_PERSONAL, ID_FREMDBETRIEB, ID_FAHRZEUG, BESCHREIBUNG_ROUTE, ART_ROUTE) values (6,4,NULL,5,7,'Papier Nordosten','Papier');

insert into DEPOTERWEITERUNG (ID_DEPOTERWEITERUNG, ID_DEPOT, ID_DEPOTERWEITERUNGART, NAME_DEPOTERWEITERUNG, ZUSATZBESCHREIBUNG_D_E, AUSLASTUNG_D_ERWEITERUNG) values (1,1,4,'Kunstoffverbrennung1','Verbrennungsanlage',92);
insert into DEPOTERWEITERUNG (ID_DEPOTERWEITERUNG, ID_DEPOT, ID_DEPOTERWEITERUNGART, NAME_DEPOTERWEITERUNG, ZUSATZBESCHREIBUNG_D_E, AUSLASTUNG_D_ERWEITERUNG) values (2,1,1,'Kunstoffsortierung1','Sortieranlage für Kunststoff',96);
insert into DEPOTERWEITERUNG (ID_DEPOTERWEITERUNG, ID_DEPOT, ID_DEPOTERWEITERUNGART, NAME_DEPOTERWEITERUNG, ZUSATZBESCHREIBUNG_D_E, AUSLASTUNG_D_ERWEITERUNG) values (3,2,3,'Biogasanlage1','Biogasanlage für Gartenabfälle',12);
insert into DEPOTERWEITERUNG (ID_DEPOTERWEITERUNG, ID_DEPOT, ID_DEPOTERWEITERUNGART, NAME_DEPOTERWEITERUNG, ZUSATZBESCHREIBUNG_D_E, AUSLASTUNG_D_ERWEITERUNG) values (4,5,2,'Metallsortiere1','Sortieranlage für Metall',43);

insert into VERKAUF (ID_VERKAUF, ID_FREMDBETRIEB, ID_DEPOT, ID_PERSONAL, MENGE_VERKAUF, GESAMTPREIS_VERKAUF) values (1,1,4,6,100,300);
insert into VERKAUF (ID_VERKAUF, ID_FREMDBETRIEB, ID_DEPOT, ID_PERSONAL, MENGE_VERKAUF, GESAMTPREIS_VERKAUF) values (2,3,2,6,20000,12000);
insert into VERKAUF (ID_VERKAUF, ID_FREMDBETRIEB, ID_DEPOT, ID_PERSONAL, MENGE_VERKAUF, GESAMTPREIS_VERKAUF) values (3,NULL,1,6,100,300);
insert into VERKAUF (ID_VERKAUF, ID_FREMDBETRIEB, ID_DEPOT, ID_PERSONAL, MENGE_VERKAUF, GESAMTPREIS_VERKAUF) values (4,3,2,6,4000,3567);
insert into VERKAUF (ID_VERKAUF, ID_FREMDBETRIEB, ID_DEPOT, ID_PERSONAL, MENGE_VERKAUF, GESAMTPREIS_VERKAUF) values (5,4,1,7,6000,400);
insert into VERKAUF (ID_VERKAUF, ID_FREMDBETRIEB, ID_DEPOT, ID_PERSONAL, MENGE_VERKAUF, GESAMTPREIS_VERKAUF) values (6,4,1,7,7500,600);
insert into VERKAUF (ID_VERKAUF, ID_FREMDBETRIEB, ID_DEPOT, ID_PERSONAL, MENGE_VERKAUF, GESAMTPREIS_VERKAUF) values (7,3,2,7,14000,7400);

insert into WERTSTOFFVERKAUF (ID_WERTSTOFF, ID_VERKAUF) values (7,1);
insert into WERTSTOFFVERKAUF (ID_WERTSTOFF, ID_VERKAUF) values (4,1);
insert into WERTSTOFFVERKAUF (ID_WERTSTOFF, ID_VERKAUF) values (3,2);
insert into WERTSTOFFVERKAUF (ID_WERTSTOFF, ID_VERKAUF) values (3,3);
insert into WERTSTOFFVERKAUF (ID_WERTSTOFF, ID_VERKAUF) values (6,5);
insert into WERTSTOFFVERKAUF (ID_WERTSTOFF, ID_VERKAUF) values (6,6);
insert into WERTSTOFFVERKAUF (ID_WERTSTOFF, ID_VERKAUF) values (3,7);

insert into ROUTEWERTSTOFF (ID_ROUTE, ID_WERTSTOFF) values (1,4);
insert into ROUTEWERTSTOFF (ID_ROUTE, ID_WERTSTOFF) values (2,5);
insert into ROUTEWERTSTOFF (ID_ROUTE, ID_WERTSTOFF) values (3,5);
insert into ROUTEWERTSTOFF (ID_ROUTE, ID_WERTSTOFF) values (5,6);
insert into ROUTEWERTSTOFF (ID_ROUTE, ID_WERTSTOFF) values (6,2);
insert into ROUTEWERTSTOFF (ID_ROUTE, ID_WERTSTOFF) values (1,7);
insert into ROUTEWERTSTOFF (ID_ROUTE, ID_WERTSTOFF) values (4,3);

insert into ADRESSEROUTE (ID_ADRESSE, ID_ROUTE,NUMMER_ADRESSEROUTE) values (1,1,1);
insert into ADRESSEROUTE (ID_ADRESSE, ID_ROUTE,NUMMER_ADRESSEROUTE) values (2,1,2);
insert into ADRESSEROUTE (ID_ADRESSE, ID_ROUTE,NUMMER_ADRESSEROUTE) values (3,1,3);
insert into ADRESSEROUTE (ID_ADRESSE, ID_ROUTE,NUMMER_ADRESSEROUTE) values (4,1,4);
insert into ADRESSEROUTE (ID_ADRESSE, ID_ROUTE,NUMMER_ADRESSEROUTE) values (5,1,5);
insert into ADRESSEROUTE (ID_ADRESSE, ID_ROUTE,NUMMER_ADRESSEROUTE) values (5,2,1);
insert into ADRESSEROUTE (ID_ADRESSE, ID_ROUTE,NUMMER_ADRESSEROUTE) values (4,3,1);
insert into ADRESSEROUTE (ID_ADRESSE, ID_ROUTE,NUMMER_ADRESSEROUTE) values (3,4,1);
insert into ADRESSEROUTE (ID_ADRESSE, ID_ROUTE,NUMMER_ADRESSEROUTE) values (2,5,1);
insert into ADRESSEROUTE (ID_ADRESSE, ID_ROUTE,NUMMER_ADRESSEROUTE) values (1,6,1);
insert into ADRESSEROUTE (ID_ADRESSE, ID_ROUTE,NUMMER_ADRESSEROUTE) values (2,6,2);
insert into ADRESSEROUTE (ID_ADRESSE, ID_ROUTE,NUMMER_ADRESSEROUTE) values (3,6,3);
insert into ADRESSEROUTE (ID_ADRESSE, ID_ROUTE,NUMMER_ADRESSEROUTE) values (4,6,4);
insert into ADRESSEROUTE (ID_ADRESSE, ID_ROUTE,NUMMER_ADRESSEROUTE) values (5,6,5);

insert into WERTSTOFFDEPOT(ID_DEPOT,ID_WERTSTOFF,MENGE_WERTSTOFF) values (1,1,400);
insert into WERTSTOFFDEPOT(ID_DEPOT,ID_WERTSTOFF,MENGE_WERTSTOFF) values (1,2,200);
insert into WERTSTOFFDEPOT(ID_DEPOT,ID_WERTSTOFF,MENGE_WERTSTOFF) values (1,3,100);
insert into WERTSTOFFDEPOT(ID_DEPOT,ID_WERTSTOFF,MENGE_WERTSTOFF) values (1,4,50);
insert into WERTSTOFFDEPOT(ID_DEPOT,ID_WERTSTOFF,MENGE_WERTSTOFF) values (1,5,10);
insert into WERTSTOFFDEPOT(ID_DEPOT,ID_WERTSTOFF,MENGE_WERTSTOFF) values (1,6,42);
insert into WERTSTOFFDEPOT(ID_DEPOT,ID_WERTSTOFF,MENGE_WERTSTOFF) values (2,1,333);
insert into WERTSTOFFDEPOT(ID_DEPOT,ID_WERTSTOFF,MENGE_WERTSTOFF) values (3,2,666);
insert into WERTSTOFFDEPOT(ID_DEPOT,ID_WERTSTOFF,MENGE_WERTSTOFF) values (4,3,999);
insert into WERTSTOFFDEPOT(ID_DEPOT,ID_WERTSTOFF,MENGE_WERTSTOFF) values (5,4,1337);
